Run ID,Test Date,Assay Name,Sample Name,Original Sample Conc.,Original sample conc. units,Qubit Tube Conc.,Qubit tube conc. units,Sample Volume (uL),Dilution Factor,Extended Low Range,Core Range,Extended High Range,Excitation,Std 1 RFU,Std 2 RFU,Std 3 RFU,Sample RFU,Last Read Standards,Reagent Lot#,Plate Barcode,Well,Sample ID,Tags,Calibrated Tubes,Software Version,Selected Samples
031122-134747,3/11/2022 13:48,1X dsDNA HS,<!-- OtherSampleId -->,8.16930717482666,ng/uL,369.096679157975,ng/mL,1,200,0.1-0.2,0.2-100,100-120,BLUE,1.05932355,695.1863013,,243.70256462252,3/11/2022 13:47,,,,<!-- SampleId -->,,1,1.5.0,1
031122-134747,3/11/2022 13:48,1X dsDNA HS,<!-- OtherSampleId -->,52.3472310196451,ng/uL,164.420075776092,ng/mL,1,200,0.1-0.2,0.2-100,100-120,BLUE,1.05932355,695.1863013,,678.682925630678,3/11/2022 13:47,,,,<!-- SampleId -->,,1,1.5.0,1
031122-134747,3/11/2022 13:48,1X dsDNA HS,<!-- OtherSampleId -->,17.8581553436217,ng/uL,331.768554175097,ng/mL,1,200,0.1-0.2,0.2-100,100-120,BLUE,1.05932355,695.1863013,,303.537663336169,3/11/2022 13:47,,,,<!-- SampleId -->,,1,1.5.0,1
031122-134747,3/11/2022 13:48,1X dsDNA HS,<!-- OtherSampleId -->,41.9017542244348,ng/uL,176.41644743105,ng/mL,1,200,0.1-0.2,0.2-100,100-120,BLUE,1.05932355,695.1863013,,283.787606472564,3/11/2022 13:47,,,,<!-- SampleId -->,,1,1.5.0,1
031122-134747,3/11/2022 13:48,1X dsDNA HS,<!-- OtherSampleId -->,30.9992357255002,ng/uL,95.280072219559,ng/mL,1,200,0.1-0.2,0.2-100,100-120,BLUE,1.05932355,695.1863013,,211.363872829406,3/11/2022 13:47,,,,<!-- SampleId -->,,1,1.5.0,1
031122-134747,3/11/2022 13:49,1X dsDNA HS,<!-- OtherSampleId -->,88.9889993830976,ng/uL,283.821966513226,ng/mL,1,200,0.1-0.2,0.2-100,100-120,BLUE,1.05932355,695.1863013,,474.030134707153,3/11/2022 13:47,,,,<!-- SampleId -->,,1,1.5.0,1
031122-134747,3/11/2022 13:49,1X dsDNA HS,<!-- OtherSampleId -->,83.8060648555725,ng/uL,345.407623392018,ng/mL,1,200,0.1-0.2,0.2-100,100-120,BLUE,1.05932355,695.1863013,,625.426831805753,3/11/2022 13:47,,,,<!-- SampleId -->,,1,1.5.0,1
031122-134747,3/11/2022 13:49,1X dsDNA HS,<!-- OtherSampleId -->,2.39990427274261,ng/uL,399.624893315232,ng/mL,1,200,0.1-0.2,0.2-100,100-120,BLUE,1.05932355,695.1863013,,319.710038455417,3/11/2022 13:47,,,,<!-- SampleId -->,,1,1.5.0,1
031122-134747,3/11/2022 13:49,1X dsDNA HS,<!-- OtherSampleId -->,79.1792592065131,ng/uL,426.578637734549,ng/mL,1,200,0.1-0.2,0.2-100,100-120,BLUE,1.05932355,695.1863013,,487.01659250255,3/11/2022 13:47,,,,<!-- SampleId -->,,1,1.5.0,1
031122-134747,3/11/2022 13:50,1X dsDNA HS,<!-- OtherSampleId -->,18.2241681543433,ng/uL,175.130489621407,ng/mL,1,200,0.1-0.2,0.2-100,100-120,BLUE,1.05932355,695.1863013,,573.506624195532,3/11/2022 13:47,,,,<!-- SampleId -->,,1,1.5.0,1
031122-134747,3/11/2022 13:53,1X dsDNA HS,<!-- OtherSampleId -->,77.9788101464144,ng/uL,376.117880400342,ng/mL,1,200,0.1-0.2,0.2-100,100-120,BLUE,1.05932355,695.1863013,,587.143455762511,3/11/2022 13:47,,,,<!-- SampleId -->,,1,1.5.0,1
031122-134747,3/11/2022 13:48,1X dsDNA HS,<!-- OtherSampleId -->,90.7572276830098,ng/uL,237.638753801537,ng/mL,1,200,0.1-0.2,0.2-100,100-120,BLUE,1.05932355,695.1863013,,658.920786712886,3/11/2022 13:47,,,,<!-- SampleId -->,,1,1.5.0,1
031122-134747,3/11/2022 13:48,1X dsDNA HS,<!-- OtherSampleId -->,38.4833357574757,ng/uL,311.196570843315,ng/mL,1,200,0.1-0.2,0.2-100,100-120,BLUE,1.05932355,695.1863013,,617.79143522651,3/11/2022 13:47,,,,<!-- SampleId -->,,1,1.5.0,1
031122-134747,3/11/2022 13:48,1X dsDNA HS,<!-- OtherSampleId -->,63.9895003824233,ng/uL,110.083632469659,ng/mL,1,200,0.1-0.2,0.2-100,100-120,BLUE,1.05932355,695.1863013,,157.244545320007,3/11/2022 13:47,,,,<!-- SampleId -->,,1,1.5.0,1
031122-134747,3/11/2022 13:48,1X dsDNA HS,<!-- OtherSampleId -->,81.0708325473714,ng/uL,487.853499571027,ng/mL,1,200,0.1-0.2,0.2-100,100-120,BLUE,1.05932355,695.1863013,,250.188674578523,3/11/2022 13:47,,,,<!-- SampleId -->,,1,1.5.0,1
031122-134747,3/11/2022 13:48,1X dsDNA HS,<!-- OtherSampleId -->,83.4866703102248,ng/uL,402.937767748601,ng/mL,1,200,0.1-0.2,0.2-100,100-120,BLUE,1.05932355,695.1863013,,139.010832408779,3/11/2022 13:47,,,,<!-- SampleId -->,,1,1.5.0,1
031122-134747,3/11/2022 13:49,1X dsDNA HS,<!-- OtherSampleId -->,41.5079849148975,ng/uL,85.9759141302176,ng/mL,1,200,0.1-0.2,0.2-100,100-120,BLUE,1.05932355,695.1863013,,320.775358820167,3/11/2022 13:47,,,,<!-- SampleId -->,,1,1.5.0,1
031122-134747,3/11/2022 13:49,1X dsDNA HS,<!-- OtherSampleId -->,56.5686365562791,ng/uL,461.045631225041,ng/mL,1,200,0.1-0.2,0.2-100,100-120,BLUE,1.05932355,695.1863013,,433.601007501665,3/11/2022 13:47,,,,<!-- SampleId -->,,1,1.5.0,1
031122-134747,3/11/2022 13:49,1X dsDNA HS,<!-- OtherSampleId -->,75.5229589543887,ng/uL,252.619761527871,ng/mL,1,200,0.1-0.2,0.2-100,100-120,BLUE,1.05932355,695.1863013,,680.89247638503,3/11/2022 13:47,,,,<!-- SampleId -->,,1,1.5.0,1
031122-134747,3/11/2022 13:49,1X dsDNA HS,<!-- OtherSampleId -->,65.6865763180128,ng/uL,68.0165416098985,ng/mL,1,200,0.1-0.2,0.2-100,100-120,BLUE,1.05932355,695.1863013,,606.329038372763,3/11/2022 13:47,,,,<!-- SampleId -->,,1,1.5.0,1
031122-134747,3/11/2022 13:50,1X dsDNA HS,<!-- OtherSampleId -->,72.4113286552327,ng/uL,321.202369295429,ng/mL,1,200,0.1-0.2,0.2-100,100-120,BLUE,1.05932355,695.1863013,,430.374017423667,3/11/2022 13:47,,,,<!-- SampleId -->,,1,1.5.0,1
031122-134747,3/11/2022 13:53,1X dsDNA HS,<!-- OtherSampleId -->,101.578258578767,ng/uL,228.620732132881,ng/mL,1,200,0.1-0.2,0.2-100,100-120,BLUE,1.05932355,695.1863013,,528.844961929196,3/11/2022 13:47,,,,<!-- SampleId -->,,1,1.5.0,1
031122-134747,3/11/2022 13:48,1X dsDNA HS,<!-- OtherSampleId -->,51.2569287124342,ng/uL,171.479358875968,ng/mL,1,200,0.1-0.2,0.2-100,100-120,BLUE,1.05932355,695.1863013,,538.974888693172,3/11/2022 13:47,,,,<!-- SampleId -->,,1,1.5.0,1
031122-134747,3/11/2022 13:48,1X dsDNA HS,<!-- OtherSampleId -->,66.0311204641889,ng/uL,170.005774801161,ng/mL,1,200,0.1-0.2,0.2-100,100-120,BLUE,1.05932355,695.1863013,,528.752047622603,3/11/2022 13:47,,,,<!-- SampleId -->,,1,1.5.0,1
031122-134747,3/11/2022 13:48,1X dsDNA HS,<!-- OtherSampleId -->,35.4390134173936,ng/uL,96.8860737165498,ng/mL,1,200,0.1-0.2,0.2-100,100-120,BLUE,1.05932355,695.1863013,,403.6696933587,3/11/2022 13:47,,,,<!-- SampleId -->,,1,1.5.0,1
031122-134747,3/11/2022 13:48,1X dsDNA HS,<!-- OtherSampleId -->,7.07741562120155,ng/uL,266.267548240179,ng/mL,1,200,0.1-0.2,0.2-100,100-120,BLUE,1.05932355,695.1863013,,332.999595299406,3/11/2022 13:47,,,,<!-- SampleId -->,,1,1.5.0,1
031122-134747,3/11/2022 13:48,1X dsDNA HS,<!-- OtherSampleId -->,43.367781593047,ng/uL,149.251125002175,ng/mL,1,200,0.1-0.2,0.2-100,100-120,BLUE,1.05932355,695.1863013,,512.460586568594,3/11/2022 13:47,,,,<!-- SampleId -->,,1,1.5.0,1
031122-134747,3/11/2022 13:49,1X dsDNA HS,<!-- OtherSampleId -->,66.0917139518,ng/uL,179.084349608388,ng/mL,1,200,0.1-0.2,0.2-100,100-120,BLUE,1.05932355,695.1863013,,210.766961633104,3/11/2022 13:47,,,,<!-- SampleId -->,,1,1.5.0,1
031122-134747,3/11/2022 13:49,1X dsDNA HS,<!-- OtherSampleId -->,45.651106506188,ng/uL,154.929292366242,ng/mL,1,200,0.1-0.2,0.2-100,100-120,BLUE,1.05932355,695.1863013,,20.9374433015946,3/11/2022 13:47,,,,<!-- SampleId -->,,1,1.5.0,1
031122-134747,3/11/2022 13:49,1X dsDNA HS,<!-- OtherSampleId -->,65.8959784165082,ng/uL,161.353630952546,ng/mL,1,200,0.1-0.2,0.2-100,100-120,BLUE,1.05932355,695.1863013,,490.913742856241,3/11/2022 13:47,,,,<!-- SampleId -->,,1,1.5.0,1
031122-134747,3/11/2022 13:49,1X dsDNA HS,<!-- OtherSampleId -->,10.3128128131644,ng/uL,340.915967896843,ng/mL,1,200,0.1-0.2,0.2-100,100-120,BLUE,1.05932355,695.1863013,,16.1512663451694,3/11/2022 13:47,,,,<!-- SampleId -->,,1,1.5.0,1
031122-134747,3/11/2022 13:50,1X dsDNA HS,<!-- OtherSampleId -->,4.18290163447037,ng/uL,464.388629833106,ng/mL,1,200,0.1-0.2,0.2-100,100-120,BLUE,1.05932355,695.1863013,,90.2625760240543,3/11/2022 13:47,,,,<!-- SampleId -->,,1,1.5.0,1
031122-134747,3/11/2022 13:53,1X dsDNA HS,<!-- OtherSampleId -->,96.8946899280893,ng/uL,426.716536075307,ng/mL,1,200,0.1-0.2,0.2-100,100-120,BLUE,1.05932355,695.1863013,,630.441319864946,3/11/2022 13:47,,,,<!-- SampleId -->,,1,1.5.0,1
031122-134747,3/11/2022 13:48,1X dsDNA HS,<!-- OtherSampleId -->,79.6029030904971,ng/uL,188.290675574254,ng/mL,1,200,0.1-0.2,0.2-100,100-120,BLUE,1.05932355,695.1863013,,337.814173714885,3/11/2022 13:47,,,,<!-- SampleId -->,,1,1.5.0,1
031122-134747,3/11/2022 13:48,1X dsDNA HS,<!-- OtherSampleId -->,2.93070669286406,ng/uL,415.465766308755,ng/mL,1,200,0.1-0.2,0.2-100,100-120,BLUE,1.05932355,695.1863013,,599.652708238671,3/11/2022 13:47,,,,<!-- SampleId -->,,1,1.5.0,1
031122-134747,3/11/2022 13:48,1X dsDNA HS,<!-- OtherSampleId -->,61.6417294346872,ng/uL,165.458161184829,ng/mL,1,200,0.1-0.2,0.2-100,100-120,BLUE,1.05932355,695.1863013,,184.15264289295,3/11/2022 13:47,,,,<!-- SampleId -->,,1,1.5.0,1
031122-134747,3/11/2022 13:48,1X dsDNA HS,<!-- OtherSampleId -->,75.7386900765191,ng/uL,238.952069210725,ng/mL,1,200,0.1-0.2,0.2-100,100-120,BLUE,1.05932355,695.1863013,,516.52223613658,3/11/2022 13:47,,,,<!-- SampleId -->,,1,1.5.0,1
031122-134747,3/11/2022 13:48,1X dsDNA HS,<!-- OtherSampleId -->,75.1336926446048,ng/uL,80.3650803573434,ng/mL,1,200,0.1-0.2,0.2-100,100-120,BLUE,1.05932355,695.1863013,,674.091952241297,3/11/2022 13:47,,,,<!-- SampleId -->,,1,1.5.0,1
031122-134747,3/11/2022 13:49,1X dsDNA HS,<!-- OtherSampleId -->,29.345362611718,ng/uL,268.677774294153,ng/mL,1,200,0.1-0.2,0.2-100,100-120,BLUE,1.05932355,695.1863013,,527.582884858839,3/11/2022 13:47,,,,<!-- SampleId -->,,1,1.5.0,1
031122-134747,3/11/2022 13:49,1X dsDNA HS,<!-- OtherSampleId -->,17.2134817532898,ng/uL,471.798738517533,ng/mL,1,200,0.1-0.2,0.2-100,100-120,BLUE,1.05932355,695.1863013,,167.252757457589,3/11/2022 13:47,,,,<!-- SampleId -->,,1,1.5.0,1
031122-134747,3/11/2022 13:49,1X dsDNA HS,<!-- OtherSampleId -->,49.5599064208475,ng/uL,236.205763508747,ng/mL,1,200,0.1-0.2,0.2-100,100-120,BLUE,1.05932355,695.1863013,,288.759822270345,3/11/2022 13:47,,,,<!-- SampleId -->,,1,1.5.0,1
031122-134747,3/11/2022 13:49,1X dsDNA HS,<!-- OtherSampleId -->,67.9481175873008,ng/uL,52.9268748468679,ng/mL,1,200,0.1-0.2,0.2-100,100-120,BLUE,1.05932355,695.1863013,,122.461342394786,3/11/2022 13:47,,,,<!-- SampleId -->,,1,1.5.0,1
031122-134747,3/11/2022 13:50,1X dsDNA HS,<!-- OtherSampleId -->,37.7757007163566,ng/uL,91.6350809602768,ng/mL,1,200,0.1-0.2,0.2-100,100-120,BLUE,1.05932355,695.1863013,,440.992212854756,3/11/2022 13:47,,,,<!-- SampleId -->,,1,1.5.0,1
031122-134747,3/11/2022 13:53,1X dsDNA HS,<!-- OtherSampleId -->,81.6690798659474,ng/uL,322.591934154157,ng/mL,1,200,0.1-0.2,0.2-100,100-120,BLUE,1.05932355,695.1863013,,213.686708130101,3/11/2022 13:47,,,,<!-- SampleId -->,,1,1.5.0,1
031122-134747,3/11/2022 13:48,1X dsDNA HS,<!-- OtherSampleId -->,4.71282763341571,ng/uL,147.679706098323,ng/mL,1,200,0.1-0.2,0.2-100,100-120,BLUE,1.05932355,695.1863013,,77.3421206649547,3/11/2022 13:47,,,,<!-- SampleId -->,,1,1.5.0,1
031122-134747,3/11/2022 13:48,1X dsDNA HS,<!-- OtherSampleId -->,72.2047375432194,ng/uL,321.431497667565,ng/mL,1,200,0.1-0.2,0.2-100,100-120,BLUE,1.05932355,695.1863013,,475.437781438927,3/11/2022 13:47,,,,<!-- SampleId -->,,1,1.5.0,1
031122-134747,3/11/2022 13:48,1X dsDNA HS,<!-- OtherSampleId -->,71.9055059987669,ng/uL,223.331531306869,ng/mL,1,200,0.1-0.2,0.2-100,100-120,BLUE,1.05932355,695.1863013,,643.938022962254,3/11/2022 13:47,,,,<!-- SampleId -->,,1,1.5.0,1
031122-134747,3/11/2022 13:48,1X dsDNA HS,<!-- OtherSampleId -->,86.7501391714951,ng/uL,493.240912765238,ng/mL,1,200,0.1-0.2,0.2-100,100-120,BLUE,1.05932355,695.1863013,,622.103353499136,3/11/2022 13:47,,,,<!-- SampleId -->,,1,1.5.0,1
031122-134747,3/11/2022 13:48,1X dsDNA HS,<!-- OtherSampleId -->,78.2402352557476,ng/uL,152.39119427296,ng/mL,1,200,0.1-0.2,0.2-100,100-120,BLUE,1.05932355,695.1863013,,579.809773868041,3/11/2022 13:47,,,,<!-- SampleId -->,,1,1.5.0,1
031122-134747,3/11/2022 13:49,1X dsDNA HS,<!-- OtherSampleId -->,41.9474055933026,ng/uL,273.724900472967,ng/mL,1,200,0.1-0.2,0.2-100,100-120,BLUE,1.05932355,695.1863013,,98.6239610177639,3/11/2022 13:47,,,,<!-- SampleId -->,,1,1.5.0,1
031122-134747,3/11/2022 13:49,1X dsDNA HS,<!-- OtherSampleId -->,16.836009512463,ng/uL,238.654434504839,ng/mL,1,200,0.1-0.2,0.2-100,100-120,BLUE,1.05932355,695.1863013,,147.491795089236,3/11/2022 13:47,,,,<!-- SampleId -->,,1,1.5.0,1
031122-134747,3/11/2022 13:49,1X dsDNA HS,<!-- OtherSampleId -->,82.2470373412808,ng/uL,374.738625549461,ng/mL,1,200,0.1-0.2,0.2-100,100-120,BLUE,1.05932355,695.1863013,,432.43619924503,3/11/2022 13:47,,,,<!-- SampleId -->,,1,1.5.0,1
031122-134747,3/11/2022 13:49,1X dsDNA HS,<!-- OtherSampleId -->,22.0970334968745,ng/uL,169.15626607317,ng/mL,1,200,0.1-0.2,0.2-100,100-120,BLUE,1.05932355,695.1863013,,470.794553637246,3/11/2022 13:47,,,,<!-- SampleId -->,,1,1.5.0,1
031122-134747,3/11/2022 13:50,1X dsDNA HS,<!-- OtherSampleId -->,49.0812404585131,ng/uL,253.230280920813,ng/mL,1,200,0.1-0.2,0.2-100,100-120,BLUE,1.05932355,695.1863013,,279.947507682496,3/11/2022 13:47,,,,<!-- SampleId -->,,1,1.5.0,1
031122-134747,3/11/2022 13:53,1X dsDNA HS,<!-- OtherSampleId -->,83.3686189598128,ng/uL,352.698430850623,ng/mL,1,200,0.1-0.2,0.2-100,100-120,BLUE,1.05932355,695.1863013,,435.721030099077,3/11/2022 13:47,,,,<!-- SampleId -->,,1,1.5.0,1
031122-134747,3/11/2022 13:48,1X dsDNA HS,<!-- OtherSampleId -->,78.7328493670455,ng/uL,41.6199445193579,ng/mL,1,200,0.1-0.2,0.2-100,100-120,BLUE,1.05932355,695.1863013,,313.379726771602,3/11/2022 13:47,,,,<!-- SampleId -->,,1,1.5.0,1
031122-134747,3/11/2022 13:48,1X dsDNA HS,<!-- OtherSampleId -->,96.6260673740323,ng/uL,53.6330807533155,ng/mL,1,200,0.1-0.2,0.2-100,100-120,BLUE,1.05932355,695.1863013,,41.037137462922,3/11/2022 13:47,,,,<!-- SampleId -->,,1,1.5.0,1
031122-134747,3/11/2022 13:48,1X dsDNA HS,<!-- OtherSampleId -->,13.2810739200043,ng/uL,496.225498133907,ng/mL,1,200,0.1-0.2,0.2-100,100-120,BLUE,1.05932355,695.1863013,,519.533427327412,3/11/2022 13:47,,,,<!-- SampleId -->,,1,1.5.0,1
031122-134747,3/11/2022 13:48,1X dsDNA HS,<!-- OtherSampleId -->,77.1756062921616,ng/uL,248.193573368502,ng/mL,1,200,0.1-0.2,0.2-100,100-120,BLUE,1.05932355,695.1863013,,478.845785033587,3/11/2022 13:47,,,,<!-- SampleId -->,,1,1.5.0,1
031122-134747,3/11/2022 13:48,1X dsDNA HS,<!-- OtherSampleId -->,33.8322858452666,ng/uL,36.5707093905755,ng/mL,1,200,0.1-0.2,0.2-100,100-120,BLUE,1.05932355,695.1863013,,404.824819417398,3/11/2022 13:47,,,,<!-- SampleId -->,,1,1.5.0,1
031122-134747,3/11/2022 13:49,1X dsDNA HS,<!-- OtherSampleId -->,10.0219190754696,ng/uL,483.440318332601,ng/mL,1,200,0.1-0.2,0.2-100,100-120,BLUE,1.05932355,695.1863013,,473.463530524931,3/11/2022 13:47,,,,<!-- SampleId -->,,1,1.5.0,1
031122-134747,3/11/2022 13:49,1X dsDNA HS,<!-- OtherSampleId -->,54.8345860845614,ng/uL,497.470844707653,ng/mL,1,200,0.1-0.2,0.2-100,100-120,BLUE,1.05932355,695.1863013,,483.305982357897,3/11/2022 13:47,,,,<!-- SampleId -->,,1,1.5.0,1
031122-134747,3/11/2022 13:49,1X dsDNA HS,<!-- OtherSampleId -->,35.8232500611423,ng/uL,236.424654749918,ng/mL,1,200,0.1-0.2,0.2-100,100-120,BLUE,1.05932355,695.1863013,,186.224716264747,3/11/2022 13:47,,,,<!-- SampleId -->,,1,1.5.0,1
031122-134747,3/11/2022 13:49,1X dsDNA HS,<!-- OtherSampleId -->,38.7991668960033,ng/uL,181.227225132858,ng/mL,1,200,0.1-0.2,0.2-100,100-120,BLUE,1.05932355,695.1863013,,278.754047010865,3/11/2022 13:47,,,,<!-- SampleId -->,,1,1.5.0,1
031122-134747,3/11/2022 13:50,1X dsDNA HS,<!-- OtherSampleId -->,102.777005357549,ng/uL,398.744724721167,ng/mL,1,200,0.1-0.2,0.2-100,100-120,BLUE,1.05932355,695.1863013,,365.426876170348,3/11/2022 13:47,,,,<!-- SampleId -->,,1,1.5.0,1
031122-134747,3/11/2022 13:53,1X dsDNA HS,<!-- OtherSampleId -->,49.2446953404999,ng/uL,92.2014230357107,ng/mL,1,200,0.1-0.2,0.2-100,100-120,BLUE,1.05932355,695.1863013,,131.45071408603,3/11/2022 13:47,,,,<!-- SampleId -->,,1,1.5.0,1
031122-134747,3/11/2022 13:48,1X dsDNA HS,<!-- OtherSampleId -->,61.824190512098,ng/uL,263.094691834723,ng/mL,1,200,0.1-0.2,0.2-100,100-120,BLUE,1.05932355,695.1863013,,147.116237461582,3/11/2022 13:47,,,,<!-- SampleId -->,,1,1.5.0,1
031122-134747,3/11/2022 13:48,1X dsDNA HS,<!-- OtherSampleId -->,88.1090104927706,ng/uL,179.610094336552,ng/mL,1,200,0.1-0.2,0.2-100,100-120,BLUE,1.05932355,695.1863013,,61.8732115599924,3/11/2022 13:47,,,,<!-- SampleId -->,,1,1.5.0,1
031122-134747,3/11/2022 13:48,1X dsDNA HS,<!-- OtherSampleId -->,19.2132841888601,ng/uL,476.564731839901,ng/mL,1,200,0.1-0.2,0.2-100,100-120,BLUE,1.05932355,695.1863013,,26.1478499404023,3/11/2022 13:47,,,,<!-- SampleId -->,,1,1.5.0,1
031122-134747,3/11/2022 13:48,1X dsDNA HS,<!-- OtherSampleId -->,55.0918733517686,ng/uL,463.940971873082,ng/mL,1,200,0.1-0.2,0.2-100,100-120,BLUE,1.05932355,695.1863013,,385.296083907521,3/11/2022 13:47,,,,<!-- SampleId -->,,1,1.5.0,1
031122-134747,3/11/2022 13:48,1X dsDNA HS,<!-- OtherSampleId -->,62.7042166985662,ng/uL,142.845879840389,ng/mL,1,200,0.1-0.2,0.2-100,100-120,BLUE,1.05932355,695.1863013,,450.326282462742,3/11/2022 13:47,,,,<!-- SampleId -->,,1,1.5.0,1
031122-134747,3/11/2022 13:49,1X dsDNA HS,<!-- OtherSampleId -->,24.1847385086174,ng/uL,332.732139176864,ng/mL,1,200,0.1-0.2,0.2-100,100-120,BLUE,1.05932355,695.1863013,,51.67028560772,3/11/2022 13:47,,,,<!-- SampleId -->,,1,1.5.0,1
031122-134747,3/11/2022 13:49,1X dsDNA HS,<!-- OtherSampleId -->,91.6631441991032,ng/uL,61.5487615728963,ng/mL,1,200,0.1-0.2,0.2-100,100-120,BLUE,1.05932355,695.1863013,,118.255592062371,3/11/2022 13:47,,,,<!-- SampleId -->,,1,1.5.0,1
031122-134747,3/11/2022 13:49,1X dsDNA HS,<!-- OtherSampleId -->,2.52632278826143,ng/uL,129.88454716516,ng/mL,1,200,0.1-0.2,0.2-100,100-120,BLUE,1.05932355,695.1863013,,348.787169683998,3/11/2022 13:47,,,,<!-- SampleId -->,,1,1.5.0,1
031122-134747,3/11/2022 13:49,1X dsDNA HS,<!-- OtherSampleId -->,86.9930211545256,ng/uL,168.003166995505,ng/mL,1,200,0.1-0.2,0.2-100,100-120,BLUE,1.05932355,695.1863013,,702.847547855517,3/11/2022 13:47,,,,<!-- SampleId -->,,1,1.5.0,1
031122-134747,3/11/2022 13:50,1X dsDNA HS,<!-- OtherSampleId -->,99.793333097623,ng/uL,461.786613525658,ng/mL,1,200,0.1-0.2,0.2-100,100-120,BLUE,1.05932355,695.1863013,,149.915787586208,3/11/2022 13:47,,,,<!-- SampleId -->,,1,1.5.0,1
031122-134747,3/11/2022 13:53,1X dsDNA HS,<!-- OtherSampleId -->,52.3738992246933,ng/uL,333.144459217461,ng/mL,1,200,0.1-0.2,0.2-100,100-120,BLUE,1.05932355,695.1863013,,482.979998951315,3/11/2022 13:47,,,,<!-- SampleId -->,,1,1.5.0,1
031122-134747,3/11/2022 13:48,1X dsDNA HS,<!-- OtherSampleId -->,40.0728327271328,ng/uL,514.797902631273,ng/mL,1,200,0.1-0.2,0.2-100,100-120,BLUE,1.05932355,695.1863013,,199.479125402721,3/11/2022 13:47,,,,<!-- SampleId -->,,1,1.5.0,1
031122-134747,3/11/2022 13:48,1X dsDNA HS,<!-- OtherSampleId -->,31.7886125490145,ng/uL,85.9240261619986,ng/mL,1,200,0.1-0.2,0.2-100,100-120,BLUE,1.05932355,695.1863013,,472.282418142579,3/11/2022 13:47,,,,<!-- SampleId -->,,1,1.5.0,1
031122-134747,3/11/2022 13:48,1X dsDNA HS,<!-- OtherSampleId -->,78.3795340226787,ng/uL,156.116673091698,ng/mL,1,200,0.1-0.2,0.2-100,100-120,BLUE,1.05932355,695.1863013,,267.630067314749,3/11/2022 13:47,,,,<!-- SampleId -->,,1,1.5.0,1
031122-134747,3/11/2022 13:48,1X dsDNA HS,<!-- OtherSampleId -->,45.4724470269047,ng/uL,475.937200646193,ng/mL,1,200,0.1-0.2,0.2-100,100-120,BLUE,1.05932355,695.1863013,,540.62625925459,3/11/2022 13:47,,,,<!-- SampleId -->,,1,1.5.0,1
031122-134747,3/11/2022 13:48,1X dsDNA HS,<!-- OtherSampleId -->,77.7873823778951,ng/uL,493.876378820882,ng/mL,1,200,0.1-0.2,0.2-100,100-120,BLUE,1.05932355,695.1863013,,668.318277385425,3/11/2022 13:47,,,,<!-- SampleId -->,,1,1.5.0,1
031122-134747,3/11/2022 13:49,1X dsDNA HS,<!-- OtherSampleId -->,79.4113898219443,ng/uL,427.756905352398,ng/mL,1,200,0.1-0.2,0.2-100,100-120,BLUE,1.05932355,695.1863013,,600.796897684526,3/11/2022 13:47,,,,<!-- SampleId -->,,1,1.5.0,1
031122-134747,3/11/2022 13:49,1X dsDNA HS,<!-- OtherSampleId -->,34.6395125570251,ng/uL,43.2523707376586,ng/mL,1,200,0.1-0.2,0.2-100,100-120,BLUE,1.05932355,695.1863013,,637.432928735688,3/11/2022 13:47,,,,<!-- SampleId -->,,1,1.5.0,1
031122-134747,3/11/2022 13:49,1X dsDNA HS,<!-- OtherSampleId -->,93.8193902466542,ng/uL,85.2355644549505,ng/mL,1,200,0.1-0.2,0.2-100,100-120,BLUE,1.05932355,695.1863013,,566.483872394717,3/11/2022 13:47,,,,<!-- SampleId -->,,1,1.5.0,1
031122-134747,3/11/2022 13:49,1X dsDNA HS,<!-- OtherSampleId -->,94.1242341175211,ng/uL,468.806111756356,ng/mL,1,200,0.1-0.2,0.2-100,100-120,BLUE,1.05932355,695.1863013,,439.450820297807,3/11/2022 13:47,,,,<!-- SampleId -->,,1,1.5.0,1
031122-134747,3/11/2022 13:50,1X dsDNA HS,<!-- OtherSampleId -->,59.2858425339324,ng/uL,503.367288859957,ng/mL,1,200,0.1-0.2,0.2-100,100-120,BLUE,1.05932355,695.1863013,,608.622550105163,3/11/2022 13:47,,,,<!-- SampleId -->,,1,1.5.0,1
031122-134747,3/11/2022 13:53,1X dsDNA HS,<!-- OtherSampleId -->,67.7924545653319,ng/uL,26.9436853094296,ng/mL,1,200,0.1-0.2,0.2-100,100-120,BLUE,1.05932355,695.1863013,,226.609105233471,3/11/2022 13:47,,,,<!-- SampleId -->,,1,1.5.0,1
031122-134747,3/11/2022 13:48,1X dsDNA HS,<!-- OtherSampleId -->,40.8858786365165,ng/uL,187.618911965143,ng/mL,1,200,0.1-0.2,0.2-100,100-120,BLUE,1.05932355,695.1863013,,588.363895114565,3/11/2022 13:47,,,,<!-- SampleId -->,,1,1.5.0,1
031122-134747,3/11/2022 13:48,1X dsDNA HS,<!-- OtherSampleId -->,34.6054413096962,ng/uL,139.301017960165,ng/mL,1,200,0.1-0.2,0.2-100,100-120,BLUE,1.05932355,695.1863013,,108.055967922952,3/11/2022 13:47,,,,<!-- SampleId -->,,1,1.5.0,1
031122-134747,3/11/2022 13:48,1X dsDNA HS,<!-- OtherSampleId -->,103.296068698201,ng/uL,46.1216240914732,ng/mL,1,200,0.1-0.2,0.2-100,100-120,BLUE,1.05932355,695.1863013,,388.260276338525,3/11/2022 13:47,,,,<!-- SampleId -->,,1,1.5.0,1
031122-134747,3/11/2022 13:48,1X dsDNA HS,<!-- OtherSampleId -->,83.2417418519283,ng/uL,32.9567559379062,ng/mL,1,200,0.1-0.2,0.2-100,100-120,BLUE,1.05932355,695.1863013,,633.92991851446,3/11/2022 13:47,,,,<!-- SampleId -->,,1,1.5.0,1
031122-134747,3/11/2022 13:48,1X dsDNA HS,<!-- OtherSampleId -->,31.7611604187548,ng/uL,33.5404686636794,ng/mL,1,200,0.1-0.2,0.2-100,100-120,BLUE,1.05932355,695.1863013,,501.741455996283,3/11/2022 13:47,,,,<!-- SampleId -->,,1,1.5.0,1
031122-134747,3/11/2022 13:49,1X dsDNA HS,<!-- OtherSampleId -->,63.641220231898,ng/uL,467.086251157329,ng/mL,1,200,0.1-0.2,0.2-100,100-120,BLUE,1.05932355,695.1863013,,165.459592772984,3/11/2022 13:47,,,,<!-- SampleId -->,,1,1.5.0,1
031122-134747,3/11/2022 13:49,1X dsDNA HS,<!-- OtherSampleId -->,46.5151503732052,ng/uL,398.422212050379,ng/mL,1,200,0.1-0.2,0.2-100,100-120,BLUE,1.05932355,695.1863013,,483.820877921023,3/11/2022 13:47,,,,<!-- SampleId -->,,1,1.5.0,1
031122-134747,3/11/2022 13:49,1X dsDNA HS,<!-- OtherSampleId -->,37.3493917987709,ng/uL,333.523761044904,ng/mL,1,200,0.1-0.2,0.2-100,100-120,BLUE,1.05932355,695.1863013,,396.196980042463,3/11/2022 13:47,,,,<!-- SampleId -->,,1,1.5.0,1
031122-134747,3/11/2022 13:49,1X dsDNA HS,<!-- OtherSampleId -->,31.0144877994061,ng/uL,509.084913589203,ng/mL,1,200,0.1-0.2,0.2-100,100-120,BLUE,1.05932355,695.1863013,,110.10409785068,3/11/2022 13:47,,,,<!-- SampleId -->,,1,1.5.0,1
031122-134747,3/11/2022 13:50,1X dsDNA HS,<!-- OtherSampleId -->,21.5496395228058,ng/uL,486.136865819903,ng/mL,1,200,0.1-0.2,0.2-100,100-120,BLUE,1.05932355,695.1863013,,604.817889061362,3/11/2022 13:47,,,,<!-- SampleId -->,,1,1.5.0,1
031122-134747,3/11/2022 13:53,1X dsDNA HS,<!-- OtherSampleId -->,77.9684649856243,ng/uL,215.162954949775,ng/mL,1,200,0.1-0.2,0.2-100,100-120,BLUE,1.05932355,695.1863013,,260.81662921619,3/11/2022 13:47,,,,<!-- SampleId -->,,1,1.5.0,1
031122-134747,3/11/2022 13:48,1X dsDNA HS,<!-- OtherSampleId -->,35.1578786486778,ng/uL,358.181610635305,ng/mL,1,200,0.1-0.2,0.2-100,100-120,BLUE,1.05932355,695.1863013,,27.3264220991282,3/11/2022 13:47,,,,<!-- SampleId -->,,1,1.5.0,1
031122-134747,3/11/2022 13:48,1X dsDNA HS,<!-- OtherSampleId -->,57.301808405011,ng/uL,504.748247778728,ng/mL,1,200,0.1-0.2,0.2-100,100-120,BLUE,1.05932355,695.1863013,,199.281627068028,3/11/2022 13:47,,,,<!-- SampleId -->,,1,1.5.0,1
031122-134747,3/11/2022 13:48,1X dsDNA HS,<!-- OtherSampleId -->,6.15762409012492,ng/uL,217.00066912277,ng/mL,1,200,0.1-0.2,0.2-100,100-120,BLUE,1.05932355,695.1863013,,684.466959434583,3/11/2022 13:47,,,,<!-- SampleId -->,,1,1.5.0,1
031122-134747,3/11/2022 13:48,1X dsDNA HS,<!-- OtherSampleId -->,96.6967790016383,ng/uL,59.2134649162848,ng/mL,1,200,0.1-0.2,0.2-100,100-120,BLUE,1.05932355,695.1863013,,286.671047936439,3/11/2022 13:47,,,,<!-- SampleId -->,,1,1.5.0,1
031122-134747,3/11/2022 13:48,1X dsDNA HS,<!-- OtherSampleId -->,44.0024065969874,ng/uL,455.769602400196,ng/mL,1,200,0.1-0.2,0.2-100,100-120,BLUE,1.05932355,695.1863013,,283.795550256692,3/11/2022 13:47,,,,<!-- SampleId -->,,1,1.5.0,1
031122-134747,3/11/2022 13:49,1X dsDNA HS,<!-- OtherSampleId -->,101.475110471893,ng/uL,41.7353887435669,ng/mL,1,200,0.1-0.2,0.2-100,100-120,BLUE,1.05932355,695.1863013,,645.928459422882,3/11/2022 13:47,,,,<!-- SampleId -->,,1,1.5.0,1
031122-134747,3/11/2022 13:49,1X dsDNA HS,<!-- OtherSampleId -->,80.6719915253102,ng/uL,434.986959200366,ng/mL,1,200,0.1-0.2,0.2-100,100-120,BLUE,1.05932355,695.1863013,,23.9543442290975,3/11/2022 13:47,,,,<!-- SampleId -->,,1,1.5.0,1
031122-134747,3/11/2022 13:49,1X dsDNA HS,<!-- OtherSampleId -->,46.7268919148259,ng/uL,62.706664210306,ng/mL,1,200,0.1-0.2,0.2-100,100-120,BLUE,1.05932355,695.1863013,,300.424566634096,3/11/2022 13:47,,,,<!-- SampleId -->,,1,1.5.0,1
031122-134747,3/11/2022 13:49,1X dsDNA HS,<!-- OtherSampleId -->,27.4740660635525,ng/uL,86.4147525507092,ng/mL,1,200,0.1-0.2,0.2-100,100-120,BLUE,1.05932355,695.1863013,,403.583008918647,3/11/2022 13:47,,,,<!-- SampleId -->,,1,1.5.0,1
031122-134747,3/11/2022 13:50,1X dsDNA HS,<!-- OtherSampleId -->,20.7809130474971,ng/uL,48.6023206601071,ng/mL,1,200,0.1-0.2,0.2-100,100-120,BLUE,1.05932355,695.1863013,,83.8464518879629,3/11/2022 13:47,,,,<!-- SampleId -->,,1,1.5.0,1
031122-134747,3/11/2022 13:53,1X dsDNA HS,<!-- OtherSampleId -->,94.479716449751,ng/uL,356.133344326324,ng/mL,1,200,0.1-0.2,0.2-100,100-120,BLUE,1.05932355,695.1863013,,331.01183683681,3/11/2022 13:47,,,,<!-- SampleId -->,,1,1.5.0,1
031122-134747,3/11/2022 13:48,1X dsDNA HS,<!-- OtherSampleId -->,45.4052489071671,ng/uL,398.776275936555,ng/mL,1,200,0.1-0.2,0.2-100,100-120,BLUE,1.05932355,695.1863013,,106.329450646459,3/11/2022 13:47,,,,<!-- SampleId -->,,1,1.5.0,1
031122-134747,3/11/2022 13:48,1X dsDNA HS,<!-- OtherSampleId -->,74.390077513014,ng/uL,439.48817804754,ng/mL,1,200,0.1-0.2,0.2-100,100-120,BLUE,1.05932355,695.1863013,,605.373287857755,3/11/2022 13:47,,,,<!-- SampleId -->,,1,1.5.0,1
031122-134747,3/11/2022 13:48,1X dsDNA HS,<!-- OtherSampleId -->,99.3938632444823,ng/uL,28.1465625031539,ng/mL,1,200,0.1-0.2,0.2-100,100-120,BLUE,1.05932355,695.1863013,,551.383623182362,3/11/2022 13:47,,,,<!-- SampleId -->,,1,1.5.0,1
031122-134747,3/11/2022 13:48,1X dsDNA HS,<!-- OtherSampleId -->,50.0603076469543,ng/uL,487.206602262287,ng/mL,1,200,0.1-0.2,0.2-100,100-120,BLUE,1.05932355,695.1863013,,666.296037601919,3/11/2022 13:47,,,,<!-- SampleId -->,,1,1.5.0,1
031122-134747,3/11/2022 13:48,1X dsDNA HS,<!-- OtherSampleId -->,54.1536602672838,ng/uL,413.576184495126,ng/mL,1,200,0.1-0.2,0.2-100,100-120,BLUE,1.05932355,695.1863013,,497.119230512862,3/11/2022 13:47,,,,<!-- SampleId -->,,1,1.5.0,1
031122-134747,3/11/2022 13:49,1X dsDNA HS,<!-- OtherSampleId -->,42.8815147265903,ng/uL,224.001274820089,ng/mL,1,200,0.1-0.2,0.2-100,100-120,BLUE,1.05932355,695.1863013,,169.55347793933,3/11/2022 13:47,,,,<!-- SampleId -->,,1,1.5.0,1
031122-134747,3/11/2022 13:49,1X dsDNA HS,<!-- OtherSampleId -->,103.511671144412,ng/uL,423.35821084864,ng/mL,1,200,0.1-0.2,0.2-100,100-120,BLUE,1.05932355,695.1863013,,657.232764602803,3/11/2022 13:47,,,,<!-- SampleId -->,,1,1.5.0,1
031122-134747,3/11/2022 13:49,1X dsDNA HS,<!-- OtherSampleId -->,94.2603639070483,ng/uL,179.962642284171,ng/mL,1,200,0.1-0.2,0.2-100,100-120,BLUE,1.05932355,695.1863013,,664.193172377466,3/11/2022 13:47,,,,<!-- SampleId -->,,1,1.5.0,1
031122-134747,3/11/2022 13:49,1X dsDNA HS,<!-- OtherSampleId -->,12.8958741334153,ng/uL,203.996486267096,ng/mL,1,200,0.1-0.2,0.2-100,100-120,BLUE,1.05932355,695.1863013,,135.205550180215,3/11/2022 13:47,,,,<!-- SampleId -->,,1,1.5.0,1
031122-134747,3/11/2022 13:50,1X dsDNA HS,<!-- OtherSampleId -->,70.011700482369,ng/uL,401.239012215828,ng/mL,1,200,0.1-0.2,0.2-100,100-120,BLUE,1.05932355,695.1863013,,531.475852109634,3/11/2022 13:47,,,,<!-- SampleId -->,,1,1.5.0,1
031122-134747,3/11/2022 13:53,1X dsDNA HS,<!-- OtherSampleId -->,93.7191585477594,ng/uL,71.4486199065693,ng/mL,1,200,0.1-0.2,0.2-100,100-120,BLUE,1.05932355,695.1863013,,355.613193292035,3/11/2022 13:47,,,,<!-- SampleId -->,,1,1.5.0,1
031122-134747,3/11/2022 13:48,1X dsDNA HS,<!-- OtherSampleId -->,96.8910253943478,ng/uL,144.724916964354,ng/mL,1,200,0.1-0.2,0.2-100,100-120,BLUE,1.05932355,695.1863013,,136.248535014513,3/11/2022 13:47,,,,<!-- SampleId -->,,1,1.5.0,1
031122-134747,3/11/2022 13:48,1X dsDNA HS,<!-- OtherSampleId -->,32.1893549842207,ng/uL,199.03166526436,ng/mL,1,200,0.1-0.2,0.2-100,100-120,BLUE,1.05932355,695.1863013,,650.659048930631,3/11/2022 13:47,,,,<!-- SampleId -->,,1,1.5.0,1
031122-134747,3/11/2022 13:48,1X dsDNA HS,<!-- OtherSampleId -->,17.9593633634652,ng/uL,37.3895865274603,ng/mL,1,200,0.1-0.2,0.2-100,100-120,BLUE,1.05932355,695.1863013,,118.134370473577,3/11/2022 13:47,,,,<!-- SampleId -->,,1,1.5.0,1
031122-134747,3/11/2022 13:48,1X dsDNA HS,<!-- OtherSampleId -->,18.4212859859036,ng/uL,502.820601581663,ng/mL,1,200,0.1-0.2,0.2-100,100-120,BLUE,1.05932355,695.1863013,,583.239753771337,3/11/2022 13:47,,,,<!-- SampleId -->,,1,1.5.0,1
031122-134747,3/11/2022 13:48,1X dsDNA HS,<!-- OtherSampleId -->,79.3031660074799,ng/uL,287.686922766886,ng/mL,1,200,0.1-0.2,0.2-100,100-120,BLUE,1.05932355,695.1863013,,194.278247521898,3/11/2022 13:47,,,,<!-- SampleId -->,,1,1.5.0,1
031122-134747,3/11/2022 13:49,1X dsDNA HS,<!-- OtherSampleId -->,59.7979976411718,ng/uL,307.005896946239,ng/mL,1,200,0.1-0.2,0.2-100,100-120,BLUE,1.05932355,695.1863013,,513.68057995325,3/11/2022 13:47,,,,<!-- SampleId -->,,1,1.5.0,1
031122-134747,3/11/2022 13:49,1X dsDNA HS,<!-- OtherSampleId -->,7.25041681001697,ng/uL,424.219291184628,ng/mL,1,200,0.1-0.2,0.2-100,100-120,BLUE,1.05932355,695.1863013,,699.815578052515,3/11/2022 13:47,,,,<!-- SampleId -->,,1,1.5.0,1
031122-134747,3/11/2022 13:49,1X dsDNA HS,<!-- OtherSampleId -->,8.09833618266722,ng/uL,359.132246998278,ng/mL,1,200,0.1-0.2,0.2-100,100-120,BLUE,1.05932355,695.1863013,,611.474027938599,3/11/2022 13:47,,,,<!-- SampleId -->,,1,1.5.0,1
031122-134747,3/11/2022 13:49,1X dsDNA HS,<!-- OtherSampleId -->,9.99258225850895,ng/uL,246.818308391092,ng/mL,1,200,0.1-0.2,0.2-100,100-120,BLUE,1.05932355,695.1863013,,674.681524190892,3/11/2022 13:47,,,,<!-- SampleId -->,,1,1.5.0,1
031122-134747,3/11/2022 13:50,1X dsDNA HS,<!-- OtherSampleId -->,19.2790887580184,ng/uL,163.651592211282,ng/mL,1,200,0.1-0.2,0.2-100,100-120,BLUE,1.05932355,695.1863013,,424.65457964121,3/11/2022 13:47,,,,<!-- SampleId -->,,1,1.5.0,1
031122-134747,3/11/2022 13:53,1X dsDNA HS,<!-- OtherSampleId -->,14.819991407925,ng/uL,358.918392387487,ng/mL,1,200,0.1-0.2,0.2-100,100-120,BLUE,1.05932355,695.1863013,,614.465633238345,3/11/2022 13:47,,,,<!-- SampleId -->,,1,1.5.0,1
031122-134747,3/11/2022 13:48,1X dsDNA HS,<!-- OtherSampleId -->,60.6505629169046,ng/uL,371.39159425442,ng/mL,1,200,0.1-0.2,0.2-100,100-120,BLUE,1.05932355,695.1863013,,306.235161022862,3/11/2022 13:47,,,,<!-- SampleId -->,,1,1.5.0,1
031122-134747,3/11/2022 13:48,1X dsDNA HS,<!-- OtherSampleId -->,19.4284599068365,ng/uL,83.8783981510728,ng/mL,1,200,0.1-0.2,0.2-100,100-120,BLUE,1.05932355,695.1863013,,554.995654133603,3/11/2022 13:47,,,,<!-- SampleId -->,,1,1.5.0,1
031122-134747,3/11/2022 13:48,1X dsDNA HS,<!-- OtherSampleId -->,94.1110685852642,ng/uL,10.0036006201893,ng/mL,1,200,0.1-0.2,0.2-100,100-120,BLUE,1.05932355,695.1863013,,472.547821018217,3/11/2022 13:47,,,,<!-- SampleId -->,,1,1.5.0,1
031122-134747,3/11/2022 13:48,1X dsDNA HS,<!-- OtherSampleId -->,4.922912505261,ng/uL,286.227091681878,ng/mL,1,200,0.1-0.2,0.2-100,100-120,BLUE,1.05932355,695.1863013,,308.584789791599,3/11/2022 13:47,,,,<!-- SampleId -->,,1,1.5.0,1
031122-134747,3/11/2022 13:48,1X dsDNA HS,<!-- OtherSampleId -->,36.7546732455008,ng/uL,313.128078716253,ng/mL,1,200,0.1-0.2,0.2-100,100-120,BLUE,1.05932355,695.1863013,,41.9712599184937,3/11/2022 13:47,,,,<!-- SampleId -->,,1,1.5.0,1
031122-134747,3/11/2022 13:49,1X dsDNA HS,<!-- OtherSampleId -->,69.292724679406,ng/uL,244.833150247342,ng/mL,1,200,0.1-0.2,0.2-100,100-120,BLUE,1.05932355,695.1863013,,649.253696468298,3/11/2022 13:47,,,,<!-- SampleId -->,,1,1.5.0,1
031122-134747,3/11/2022 13:49,1X dsDNA HS,<!-- OtherSampleId -->,48.5380237798988,ng/uL,277.108555937989,ng/mL,1,200,0.1-0.2,0.2-100,100-120,BLUE,1.05932355,695.1863013,,706.624376735825,3/11/2022 13:47,,,,<!-- SampleId -->,,1,1.5.0,1
031122-134747,3/11/2022 13:49,1X dsDNA HS,<!-- OtherSampleId -->,35.9856171627635,ng/uL,110.459448350279,ng/mL,1,200,0.1-0.2,0.2-100,100-120,BLUE,1.05932355,695.1863013,,652.048531589195,3/11/2022 13:47,,,,<!-- SampleId -->,,1,1.5.0,1
031122-134747,3/11/2022 13:49,1X dsDNA HS,<!-- OtherSampleId -->,55.870598391204,ng/uL,19.9260744410952,ng/mL,1,200,0.1-0.2,0.2-100,100-120,BLUE,1.05932355,695.1863013,,68.0557252813117,3/11/2022 13:47,,,,<!-- SampleId -->,,1,1.5.0,1
031122-134747,3/11/2022 13:50,1X dsDNA HS,<!-- OtherSampleId -->,57.2457808986747,ng/uL,463.452388036883,ng/mL,1,200,0.1-0.2,0.2-100,100-120,BLUE,1.05932355,695.1863013,,177.92536181081,3/11/2022 13:47,,,,<!-- SampleId -->,,1,1.5.0,1
031122-134747,3/11/2022 13:53,1X dsDNA HS,<!-- OtherSampleId -->,87.7120778781146,ng/uL,96.1323304803542,ng/mL,1,200,0.1-0.2,0.2-100,100-120,BLUE,1.05932355,695.1863013,,128.90084144903,3/11/2022 13:47,,,,<!-- SampleId -->,,1,1.5.0,1
031122-134747,3/11/2022 13:48,1X dsDNA HS,<!-- OtherSampleId -->,51.8957677278211,ng/uL,513.71567153512,ng/mL,1,200,0.1-0.2,0.2-100,100-120,BLUE,1.05932355,695.1863013,,36.9107771568705,3/11/2022 13:47,,,,<!-- SampleId -->,,1,1.5.0,1
031122-134747,3/11/2022 13:48,1X dsDNA HS,<!-- OtherSampleId -->,32.5638832877384,ng/uL,431.7618532019,ng/mL,1,200,0.1-0.2,0.2-100,100-120,BLUE,1.05932355,695.1863013,,554.068734087065,3/11/2022 13:47,,,,<!-- SampleId -->,,1,1.5.0,1
031122-134747,3/11/2022 13:48,1X dsDNA HS,<!-- OtherSampleId -->,49.9253306163409,ng/uL,299.088592591453,ng/mL,1,200,0.1-0.2,0.2-100,100-120,BLUE,1.05932355,695.1863013,,429.806540798429,3/11/2022 13:47,,,,<!-- SampleId -->,,1,1.5.0,1
031122-134747,3/11/2022 13:48,1X dsDNA HS,<!-- OtherSampleId -->,79.9259858792942,ng/uL,180.998590331796,ng/mL,1,200,0.1-0.2,0.2-100,100-120,BLUE,1.05932355,695.1863013,,556.305164196501,3/11/2022 13:47,,,,<!-- SampleId -->,,1,1.5.0,1
031122-134747,3/11/2022 13:48,1X dsDNA HS,<!-- OtherSampleId -->,101.407587362796,ng/uL,266.730974423264,ng/mL,1,200,0.1-0.2,0.2-100,100-120,BLUE,1.05932355,695.1863013,,42.3401144030712,3/11/2022 13:47,,,,<!-- SampleId -->,,1,1.5.0,1
031122-134747,3/11/2022 13:49,1X dsDNA HS,<!-- OtherSampleId -->,84.9070316264115,ng/uL,484.477323691904,ng/mL,1,200,0.1-0.2,0.2-100,100-120,BLUE,1.05932355,695.1863013,,391.84973362459,3/11/2022 13:47,,,,<!-- SampleId -->,,1,1.5.0,1
031122-134747,3/11/2022 13:49,1X dsDNA HS,<!-- OtherSampleId -->,71.6796821128426,ng/uL,351.179345415263,ng/mL,1,200,0.1-0.2,0.2-100,100-120,BLUE,1.05932355,695.1863013,,32.6801345180718,3/11/2022 13:47,,,,<!-- SampleId -->,,1,1.5.0,1
031122-134747,3/11/2022 13:49,1X dsDNA HS,<!-- OtherSampleId -->,77.7054209699335,ng/uL,36.9868996724671,ng/mL,1,200,0.1-0.2,0.2-100,100-120,BLUE,1.05932355,695.1863013,,10.6179950250268,3/11/2022 13:47,,,,<!-- SampleId -->,,1,1.5.0,1
031122-134747,3/11/2022 13:49,1X dsDNA HS,<!-- OtherSampleId -->,87.7211252957384,ng/uL,303.64607551365,ng/mL,1,200,0.1-0.2,0.2-100,100-120,BLUE,1.05932355,695.1863013,,163.692318910881,3/11/2022 13:47,,,,<!-- SampleId -->,,1,1.5.0,1
031122-134747,3/11/2022 13:50,1X dsDNA HS,<!-- OtherSampleId -->,35.3018524318901,ng/uL,31.6151292678517,ng/mL,1,200,0.1-0.2,0.2-100,100-120,BLUE,1.05932355,695.1863013,,496.833734109176,3/11/2022 13:47,,,,<!-- SampleId -->,,1,1.5.0,1
031122-134747,3/11/2022 13:53,1X dsDNA HS,<!-- OtherSampleId -->,40.0151282773109,ng/uL,478.563096612724,ng/mL,1,200,0.1-0.2,0.2-100,100-120,BLUE,1.05932355,695.1863013,,83.7026584990429,3/11/2022 13:47,,,,<!-- SampleId -->,,1,1.5.0,1
031122-134747,3/11/2022 13:48,1X dsDNA HS,<!-- OtherSampleId -->,72.6534533726495,ng/uL,476.207460618193,ng/mL,1,200,0.1-0.2,0.2-100,100-120,BLUE,1.05932355,695.1863013,,409.5159870585,3/11/2022 13:47,,,,<!-- SampleId -->,,1,1.5.0,1
031122-134747,3/11/2022 13:48,1X dsDNA HS,<!-- OtherSampleId -->,15.4421777194866,ng/uL,225.148604718673,ng/mL,1,200,0.1-0.2,0.2-100,100-120,BLUE,1.05932355,695.1863013,,539.725156147154,3/11/2022 13:47,,,,<!-- SampleId -->,,1,1.5.0,1
031122-134747,3/11/2022 13:48,1X dsDNA HS,<!-- OtherSampleId -->,96.8147854921255,ng/uL,199.285424188975,ng/mL,1,200,0.1-0.2,0.2-100,100-120,BLUE,1.05932355,695.1863013,,592.512187116069,3/11/2022 13:47,,,,<!-- SampleId -->,,1,1.5.0,1
031122-134747,3/11/2022 13:48,1X dsDNA HS,<!-- OtherSampleId -->,91.1684910579432,ng/uL,209.412470661421,ng/mL,1,200,0.1-0.2,0.2-100,100-120,BLUE,1.05932355,695.1863013,,365.305370602399,3/11/2022 13:47,,,,<!-- SampleId -->,,1,1.5.0,1
031122-134747,3/11/2022 13:48,1X dsDNA HS,<!-- OtherSampleId -->,61.5087244717631,ng/uL,436.619030991273,ng/mL,1,200,0.1-0.2,0.2-100,100-120,BLUE,1.05932355,695.1863013,,608.074426970646,3/11/2022 13:47,,,,<!-- SampleId -->,,1,1.5.0,1
031122-134747,3/11/2022 13:49,1X dsDNA HS,<!-- OtherSampleId -->,79.5167561258562,ng/uL,139.390833371717,ng/mL,1,200,0.1-0.2,0.2-100,100-120,BLUE,1.05932355,695.1863013,,345.760662772154,3/11/2022 13:47,,,,<!-- SampleId -->,,1,1.5.0,1
031122-134747,3/11/2022 13:49,1X dsDNA HS,<!-- OtherSampleId -->,78.5777317286436,ng/uL,441.079645022648,ng/mL,1,200,0.1-0.2,0.2-100,100-120,BLUE,1.05932355,695.1863013,,705.588217144294,3/11/2022 13:47,,,,<!-- SampleId -->,,1,1.5.0,1
031122-134747,3/11/2022 13:49,1X dsDNA HS,<!-- OtherSampleId -->,86.0809786081421,ng/uL,108.776435735613,ng/mL,1,200,0.1-0.2,0.2-100,100-120,BLUE,1.05932355,695.1863013,,329.206981803498,3/11/2022 13:47,,,,<!-- SampleId -->,,1,1.5.0,1
031122-134747,3/11/2022 13:49,1X dsDNA HS,<!-- OtherSampleId -->,15.2737561851648,ng/uL,250.045600842572,ng/mL,1,200,0.1-0.2,0.2-100,100-120,BLUE,1.05932355,695.1863013,,534.428863642188,3/11/2022 13:47,,,,<!-- SampleId -->,,1,1.5.0,1
031122-134747,3/11/2022 13:50,1X dsDNA HS,<!-- OtherSampleId -->,101.599333440342,ng/uL,44.1599895117467,ng/mL,1,200,0.1-0.2,0.2-100,100-120,BLUE,1.05932355,695.1863013,,470.489719185594,3/11/2022 13:47,,,,<!-- SampleId -->,,1,1.5.0,1
031122-134747,3/11/2022 13:53,1X dsDNA HS,<!-- OtherSampleId -->,8.16869865601613,ng/uL,231.752429598936,ng/mL,1,200,0.1-0.2,0.2-100,100-120,BLUE,1.05932355,695.1863013,,211.035355476703,3/11/2022 13:47,,,,<!-- SampleId -->,,1,1.5.0,1
031122-134747,3/11/2022 13:48,1X dsDNA HS,<!-- OtherSampleId -->,2.32793164799836,ng/uL,425.389325864482,ng/mL,1,200,0.1-0.2,0.2-100,100-120,BLUE,1.05932355,695.1863013,,665.81677426132,3/11/2022 13:47,,,,<!-- SampleId -->,,1,1.5.0,1
031122-134747,3/11/2022 13:48,1X dsDNA HS,<!-- OtherSampleId -->,21.2807193533015,ng/uL,95.6428197847464,ng/mL,1,200,0.1-0.2,0.2-100,100-120,BLUE,1.05932355,695.1863013,,199.515003722163,3/11/2022 13:47,,,,<!-- SampleId -->,,1,1.5.0,1
031122-134747,3/11/2022 13:48,1X dsDNA HS,<!-- OtherSampleId -->,67.768155608108,ng/uL,336.472950032573,ng/mL,1,200,0.1-0.2,0.2-100,100-120,BLUE,1.05932355,695.1863013,,645.189760033967,3/11/2022 13:47,,,,<!-- SampleId -->,,1,1.5.0,1
031122-134747,3/11/2022 13:48,1X dsDNA HS,<!-- OtherSampleId -->,74.9290956423664,ng/uL,21.395549088954,ng/mL,1,200,0.1-0.2,0.2-100,100-120,BLUE,1.05932355,695.1863013,,128.280143094135,3/11/2022 13:47,,,,<!-- SampleId -->,,1,1.5.0,1
031122-134747,3/11/2022 13:48,1X dsDNA HS,<!-- OtherSampleId -->,64.2509539303891,ng/uL,439.923535714327,ng/mL,1,200,0.1-0.2,0.2-100,100-120,BLUE,1.05932355,695.1863013,,38.2114576270787,3/11/2022 13:47,,,,<!-- SampleId -->,,1,1.5.0,1
031122-134747,3/11/2022 13:49,1X dsDNA HS,<!-- OtherSampleId -->,60.3687530759423,ng/uL,46.6668803478836,ng/mL,1,200,0.1-0.2,0.2-100,100-120,BLUE,1.05932355,695.1863013,,122.070597253042,3/11/2022 13:47,,,,<!-- SampleId -->,,1,1.5.0,1
031122-134747,3/11/2022 13:49,1X dsDNA HS,<!-- OtherSampleId -->,52.0531460231539,ng/uL,355.748918489561,ng/mL,1,200,0.1-0.2,0.2-100,100-120,BLUE,1.05932355,695.1863013,,161.962662700847,3/11/2022 13:47,,,,<!-- SampleId -->,,1,1.5.0,1
031122-134747,3/11/2022 13:49,1X dsDNA HS,<!-- OtherSampleId -->,87.0180098860202,ng/uL,279.304088895481,ng/mL,1,200,0.1-0.2,0.2-100,100-120,BLUE,1.05932355,695.1863013,,694.250212038355,3/11/2022 13:47,,,,<!-- SampleId -->,,1,1.5.0,1
031122-134747,3/11/2022 13:49,1X dsDNA HS,<!-- OtherSampleId -->,66.3141389206223,ng/uL,346.382207122159,ng/mL,1,200,0.1-0.2,0.2-100,100-120,BLUE,1.05932355,695.1863013,,472.648041186557,3/11/2022 13:47,,,,<!-- SampleId -->,,1,1.5.0,1
031122-134747,3/11/2022 13:50,1X dsDNA HS,<!-- OtherSampleId -->,34.5297000192357,ng/uL,508.332337288741,ng/mL,1,200,0.1-0.2,0.2-100,100-120,BLUE,1.05932355,695.1863013,,648.384288905565,3/11/2022 13:47,,,,<!-- SampleId -->,,1,1.5.0,1
031122-134747,3/11/2022 13:53,1X dsDNA HS,<!-- OtherSampleId -->,77.7027805745762,ng/uL,51.6283075316343,ng/mL,1,200,0.1-0.2,0.2-100,100-120,BLUE,1.05932355,695.1863013,,48.1136139266044,3/11/2022 13:47,,,,<!-- SampleId -->,,1,1.5.0,1
031122-134747,3/11/2022 13:48,1X dsDNA HS,<!-- OtherSampleId -->,97.0483548202062,ng/uL,445.255781048544,ng/mL,1,200,0.1-0.2,0.2-100,100-120,BLUE,1.05932355,695.1863013,,290.272104727192,3/11/2022 13:47,,,,<!-- SampleId -->,,1,1.5.0,1
031122-134747,3/11/2022 13:48,1X dsDNA HS,<!-- OtherSampleId -->,85.7550322797364,ng/uL,256.32330974631,ng/mL,1,200,0.1-0.2,0.2-100,100-120,BLUE,1.05932355,695.1863013,,669.306711550498,3/11/2022 13:47,,,,<!-- SampleId -->,,1,1.5.0,1
031122-134747,3/11/2022 13:48,1X dsDNA HS,<!-- OtherSampleId -->,23.7478202633535,ng/uL,360.921390008301,ng/mL,1,200,0.1-0.2,0.2-100,100-120,BLUE,1.05932355,695.1863013,,454.873004144299,3/11/2022 13:47,,,,<!-- SampleId -->,,1,1.5.0,1
031122-134747,3/11/2022 13:48,1X dsDNA HS,<!-- OtherSampleId -->,58.7755124192941,ng/uL,496.285936080203,ng/mL,1,200,0.1-0.2,0.2-100,100-120,BLUE,1.05932355,695.1863013,,407.67378198466,3/11/2022 13:47,,,,<!-- SampleId -->,,1,1.5.0,1
031122-134747,3/11/2022 13:48,1X dsDNA HS,<!-- OtherSampleId -->,26.1150862978276,ng/uL,362.330143837233,ng/mL,1,200,0.1-0.2,0.2-100,100-120,BLUE,1.05932355,695.1863013,,589.23691369718,3/11/2022 13:47,,,,<!-- SampleId -->,,1,1.5.0,1
031122-134747,3/11/2022 13:49,1X dsDNA HS,<!-- OtherSampleId -->,29.7730187737813,ng/uL,311.562492551859,ng/mL,1,200,0.1-0.2,0.2-100,100-120,BLUE,1.05932355,695.1863013,,207.422801647955,3/11/2022 13:47,,,,<!-- SampleId -->,,1,1.5.0,1
031122-134747,3/11/2022 13:49,1X dsDNA HS,<!-- OtherSampleId -->,47.6036061984124,ng/uL,337.496394137523,ng/mL,1,200,0.1-0.2,0.2-100,100-120,BLUE,1.05932355,695.1863013,,38.9721158505032,3/11/2022 13:47,,,,<!-- SampleId -->,,1,1.5.0,1
031122-134747,3/11/2022 13:49,1X dsDNA HS,<!-- OtherSampleId -->,20.9690461027927,ng/uL,402.16567759145,ng/mL,1,200,0.1-0.2,0.2-100,100-120,BLUE,1.05932355,695.1863013,,169.270812522835,3/11/2022 13:47,,,,<!-- SampleId -->,,1,1.5.0,1
031122-134747,3/11/2022 13:49,1X dsDNA HS,<!-- OtherSampleId -->,80.6420645744992,ng/uL,223.893247398211,ng/mL,1,200,0.1-0.2,0.2-100,100-120,BLUE,1.05932355,695.1863013,,679.23598364247,3/11/2022 13:47,,,,<!-- SampleId -->,,1,1.5.0,1
031122-134747,3/11/2022 13:50,1X dsDNA HS,<!-- OtherSampleId -->,47.2135363580688,ng/uL,10.4288451039065,ng/mL,1,200,0.1-0.2,0.2-100,100-120,BLUE,1.05932355,695.1863013,,703.916170815976,3/11/2022 13:47,,,,<!-- SampleId -->,,1,1.5.0,1
031122-134747,3/11/2022 13:53,1X dsDNA HS,<!-- OtherSampleId -->,67.6724457180605,ng/uL,46.655033561907,ng/mL,1,200,0.1-0.2,0.2-100,100-120,BLUE,1.05932355,695.1863013,,269.211589650827,3/11/2022 13:47,,,,<!-- SampleId -->,,1,1.5.0,1
031122-134747,3/11/2022 13:48,1X dsDNA HS,<!-- OtherSampleId -->,4.78675617946473,ng/uL,85.7595616083566,ng/mL,1,200,0.1-0.2,0.2-100,100-120,BLUE,1.05932355,695.1863013,,341.380242361541,3/11/2022 13:47,,,,<!-- SampleId -->,,1,1.5.0,1
031122-134747,3/11/2022 13:48,1X dsDNA HS,<!-- OtherSampleId -->,102.501400325677,ng/uL,477.976488991859,ng/mL,1,200,0.1-0.2,0.2-100,100-120,BLUE,1.05932355,695.1863013,,249.224274861501,3/11/2022 13:47,,,,<!-- SampleId -->,,1,1.5.0,1
031122-134747,3/11/2022 13:48,1X dsDNA HS,<!-- OtherSampleId -->,15.215526002317,ng/uL,37.6635209014414,ng/mL,1,200,0.1-0.2,0.2-100,100-120,BLUE,1.05932355,695.1863013,,704.917987302764,3/11/2022 13:47,,,,<!-- SampleId -->,,1,1.5.0,1
031122-134747,3/11/2022 13:48,1X dsDNA HS,<!-- OtherSampleId -->,29.1753245569424,ng/uL,25.4204752872363,ng/mL,1,200,0.1-0.2,0.2-100,100-120,BLUE,1.05932355,695.1863013,,524.01574592877,3/11/2022 13:47,,,,<!-- SampleId -->,,1,1.5.0,1
031122-134747,3/11/2022 13:48,1X dsDNA HS,<!-- OtherSampleId -->,41.8052137178312,ng/uL,271.86796011615,ng/mL,1,200,0.1-0.2,0.2-100,100-120,BLUE,1.05932355,695.1863013,,166.048623662074,3/11/2022 13:47,,,,<!-- SampleId -->,,1,1.5.0,1
